Category,Type,Value
Alias,Dread,DreadOps
Alias,Exploit,ApexBreach
Crypto Wallet,XMR,888tNkZrPN6JsEgekjMnABU4TBzc2Dt29EPAvkFxbANsAnJYPbb3iQ1YBRk1UXCDRSiKc9bkMyNVZnnC5Bjpps557xKqAb7
Crypto Wallet,BTC,1A1zP1eP5QGefi2DMPTfTL5SLmv7DivfNa
Contact Handle,email,phantom_ops@exploit.im
Contact Handle,telegram,exploit
Contact Handle,xmpp,exploit.im
Evidence Hash,SHA-256,http://dreadmarket.onion/thread/1 -> f1360ba152bb1abc86b929a6addd787193ec4bec98949d708b952aa3ec345a8f
Evidence Hash,SHA-256,http://exploitmarket.onion/thread/2 -> 7909309f55fd2ed52845fde13d504fb6a316c5d68d8f61e093e898781296f386
